https://tiktok.com/@zara_officiel8/video/7296992289438567685,zara_officiel8,34700,2200000,29700,1924,2858,#fashion #fyp #foryou #ŸÖŸÑÿßÿ®ÿ≥_ÿßŸÑŸÖŸàÿ∂ÿ©_ÿßŸÑÿ≥ÿ™ÿßŸäŸÑ_ÿ¨ŸÖŸäŸÑ #ÿßŸÑÿ¥ÿπÿ®_ÿßŸÑÿµŸäŸÜŸä_ŸÖÿßŸÑŸá_ÿ≠ŸÑüòÇüòÇ #ÿ™ÿÆŸÅŸäÿ∂ÿßÿ™ #explorepage #fashiontiktok #solde #explore #frypage #foryoupage #trending ,"#fashion
#fyp
#foryou
#ŸÖŸÑÿßÿ®ÿ≥_ÿßŸÑŸÖŸàÿ∂ÿ©_ÿßŸÑÿ≥ÿ™ÿßŸäŸÑ_ÿ¨ŸÖŸäŸÑ
#ÿßŸÑÿ¥ÿπÿ®_ÿßŸÑÿµŸäŸÜŸä_ŸÖÿßŸÑŸá_ÿ≠ŸÑüòÇüòÇ
#ÿ™ÿÆŸÅŸäÿ∂ÿßÿ™
#explorepage
#fashiontiktok
#solde
#explore
#frypage
#foryoupage
#trending
",11/2/2023,11/16/2023,3863
https://tiktok.com/@hottrend.diy.tip.trick/video/7292708676639460641,hottrend.diy.tip.trick,4600000,5900000,222100,374,82600,"Fashion tips for clothes, shoes, scarves, handbags... every girl should refer to Part 1 #Fashion  #fashiontiktok  #fashionhacks  #Fashiontip  #fashiontips  #fashiontipsforwomen  #tips  #tipsfashion  #clothes  #clotheshacks  #shoes  #scarves #handbags  #tipandtrick  #tipandtricks  #trick  #tricks  #trickfashion #tipforclothes #tipforshoes #tipforscarves #tipforhandbags #tipforgirls","#fashion
#fashiontiktok
#fashionhacks
#fashiontip
#fashiontips
#fashiontipsforwomen
#tips
#tipsfashion
#clothes
#clotheshacks
#shoes
#scarves
#handbags
#tipandtrick
#tipandtricks
#trick
#tricks
#trickfashion
#tipforclothes
#tipforshoes
#tipforscarves
#tipforhandbags
#tipforgirls",10/22/2023,11/16/2023,28800
https://tiktok.com/@shina_shang/video/7301276272292990254,shina_shang,547800,312200,4613,14,273,Big fish üêüüê†üêüüê†#fish #fishingtraining #fishtok #videofishing #tiktok_thailand #traviskelcetaylorswift #erastouroutfit #grinchmakeup #foryou ,"#fish
#fishingtraining
#fishtok
#videofishing
#tiktok_thailand
#traviskelcetaylorswift
#erastouroutfit
#grinchmakeup
#foryou",11/14/2023,11/16/2023,40
https://tiktok.com/@the.sign.guy/video/7296079619038448942,the.sign.guy,9300000,1000000,162200,141,6541,GRWM for Halloween @üèÑüèº‚Äç‚ôÄÔ∏èEva Millerüåä #spooky #grwm #girlfriend #halloween #clothing #fit #ootd #thesignguy #signguy #foryoupage #fortunatf ,"#
#spooky
#grwm
#girlfriend
#halloween
#clothing
#fit
#ootd
#thesignguy
#signguy
#foryoupage
#fortunatf",10/31/2023,11/16/2023,55
https://tiktok.com/@romanov_by_fan/video/7295652495370603809,romanov_by_fan,292900,1300000,128700,9622,9284,Fashion show at home #catwalk  #runway  #model  #fashion  #parody  #funny  #funnyvideo  #trending  #viral  #foryou,"#catwalk
#runway
#model
#fashion
#parody
#funny
#funnyvideo
#trending
#viral
#foryou",10/31/2023,11/16/2023,10100
https://tiktok.com/@asliahsanbhai/video/7281703449853529350,asliahsanbhai,947700,1700000,35900,367,21300,Wow üî•üî•üî• Try It üî•üî•üî• #foryou #foryoupage #myoutfit #sportlover #hashirsquad #viral #video #100k #asliahsanbhai #illu #fyp #challenge #trending #standwithkashmir #burhan_tv #bigchallenge #unfrezzmyaccount ,"#foryou
#foryoupage
#myoutfit
#sportlover
#hashirsquad
#viral
#video
#100k
#asliahsanbhai
#illu
#fyp
#challenge
#trending
#standwithkashmir
#burhan_tv
#bigchallenge
#unfrezzmyaccount",9/22/2023,11/16/2023,34700
https://tiktok.com/@akastrapz/video/7294703514972917025,akastrapz,139700,10800000,418000,1072,182200,Replying to @Mergio Sovic I‚Äôm curating a list of most requested sneakers atm so lmk if there‚Äôs any other tutorials you‚Äôd like me to do!üëüü•∂üëÄ‚¨áÔ∏è #blazers #blazerlow #nikeblazer #nikeblazers #nikeblazerlow #nikeblazer77 #nikeblazervintage #howtolacesneakers #howtolace #howtotiktok #howtolaceshoes #lacingtutorial #lacingtutoral #howtolacenikeblazers #shoeslaces #shoeslacestyle #laces #laceswap #lacingupsneakers #lacingmethod #shoeslacesmethod #shoeslacestyle #lacingstyles #lacingupsneakers #fashiontok #sneakers #sneakertips #fashionista ,"#
#blazers
#blazerlow
#nikeblazer
#nikeblazers
#nikeblazerlow
#nikeblazer77
#nikeblazervintage
#howtolacesneakers
#howtolace
#howtotiktok
#howtolaceshoes
#lacingtutorial
#lacingtutoral
#howtolacenikeblazers
#shoeslaces
#shoeslacestyle
#laces
#laceswap
#lacingupsneakers
#lacingmethod
#shoeslacesmethod
#shoeslacestyle
#lacingstyles
#lacingupsneakers
#fashiontok
#sneakers
#sneakertips
#fashionista",10/27/2023,11/16/2023,15000
https://tiktok.com/@youssef_esawy/video/7279085167572962592,youssef_esawy,3400000,10400000,479200,1342,83000,Outfit? üòé #mensfashion #style #youssefesawy ,"#mensfashion
#style
#youssefesawy",9/15/2023,11/16/2023,3278
https://tiktok.com/@vanessafaga/video/7297665719418883334,vanessafaga,960800,568500,75500,279,8678,get ready with meüéÄü§ç‚ú® #grwm #grwmroutine #thatgirlaesthetic #cleangirlaesthetic #morningroutine #selfcareroutine #selfcaretiktok #skincareroutine ,"#grwm
#grwmroutine
#thatgirlaesthetic
#cleangirlaesthetic
#morningroutine
#selfcareroutine
#selfcaretiktok
#skincareroutine",11/4/2023,11/16/2023,340
https://tiktok.com/@tekowear/video/7276492162106264838,tekowear,22500,5300000,86600,1282,7045,#tekowear #tekowearkenya #blessed #fashionpreneur #ankara #sabbath ,"#tekowear
#tekowearkenya
#blessed
#fashionpreneur
#ankara
#sabbath",9/8/2023,11/16/2023,18600
https://tiktok.com/@franticframes/video/7298729611922459950,franticframes,1600000,865800,130800,731,8873,my fit got checked ü•≤  #stopmotion #fight #animation #outfit ,"#stopmotion
#fight
#animation
#outfit",11/7/2023,11/16/2023,1160
https://tiktok.com/@nadina_ioana/video/7300238142764862752,nadina_ioana,15000000,686600,66600,272,3526,OOTD moment üñ§ Should I make more of these? | #asmrootd #asmrfashion #asmrclothes #getdressedwithme #ootdasmr #yesstylehaul #michaelkorsshoes #ootdideas ,"#asmrootd
#asmrfashion
#asmrclothes
#getdressedwithme
#ootdasmr
#yesstylehaul
#michaelkorsshoes
#ootdideas",11/11/2023,11/16/2023,175
https://tiktok.com/@fancykoc/video/7289716971543727378,fancykoc,682400,215800,57400,65,2441,#Ïï†ÌîåÌûô #ÌûôÏã† #Î†àÍπÖÏä§Î£© #ÌûôÏóÖÎ©îÏù¥Ïª§ #ootd #Ìó¨Ïä§ÏΩîÎîî #fyp #foryou ,"#Ïï†ÌîåÌûô
#ÌûôÏã†
#Î†àÍπÖÏä§Î£©
#ÌûôÏóÖÎ©îÏù¥Ïª§
#ootd
#Ìó¨Ïä§ÏΩîÎîî
#fyp
#foryou",10/14/2023,11/16/2023,74
https://tiktok.com/@fvinabeauty/video/7277835482292079890,fvinabeauty,54300,10000000,221700,1835,13900,#makeup  #FVpowder  #FVOfficerStore #fvpowder #makeup #grwm #makeuphacks,"#makeup
#fvpowder
#fvofficerstore
#fvpowder
#makeup
#grwm
#makeuphacks",9/12/2023,11/16/2023,950
https://tiktok.com/@fvinabeauty/video/7277835482292079890,fvinabeauty,54300,10000000,221700,1835,13900,#makeup  #FVpowder  #FVOfficerStore #fvpowder #makeup #grwm #makeuphacks,"#makeup
#fvpowder
#fvofficerstore
#fvpowder
#makeup
#grwm
#makeuphacks",9/12/2023,11/16/2023,950
https://tiktok.com/@isabellaabosco/video/7287564843798859041,isabellaabosco,463,274900,28800,80,3232,un grazie alla mamma del mio fidanzato che me li ha regalati ü´∂üèªüßµü™°  #perte #foryou #sewingtiktok #foryoupage #fyp #cucitoamano #fashiontiktok #handmade #smallbusinesscheck ,"#perte
#foryou
#sewingtiktok
#foryoupage
#fyp
#cucitoamano
#fashiontiktok
#handmade
#smallbusinesscheck",10/8/2023,11/16/2023,301
https://tiktok.com/@sweetnoona00/video/7269173208664919297,sweetnoona00,824300,218300,49600,198,2651,Beautiful girls Ïó¨ÏûêÏπúÍµ¨ ÎàÑÎÇò  #beautiful #beautifulgirls #beautifulgirl #beautifulwomen #Ïó¨ÏûêÏπúÍµ¨ #ÎàÑÎÇò #beauty #model #Fashion #Lifestyle #Makeup #Style  #Glamour #Instabeauty #Selfie #Influencer  #ÁæéÂ∞ëÂ•≥  #Áæé‰∫∫ #ÂèØÊÑõ„ÅÑ #„Éï„Ç°„ÉÉ„Ç∑„Éß„É≥ #„É°„Ç§„ÇØ„Ç¢„ÉÉ„Éó #„Çπ„Çø„Ç§„É´ #„Ç∞„É©„Éû„Éº #„É¢„Éá„É´  #„Çª„É´„Éï„Ç£„Éº #„Ç§„É≥„Éï„É´„Ç®„É≥„Çµ„Éº   #C√¥G√°iXinhƒê·∫πp #S·∫Øcƒê·∫πp #Th·ªùiTrang #Trangƒêi·ªÉm  #PhongC√°ch #Quy·∫ønR≈© #Ng∆∞·ªùiM·∫´u #T·ª±S∆∞·ªõng  #·∫¢nhN·ªïiTi·∫øng #·∫£nhth·ªùitrang ,"#beautiful
#beautifulgirls
#beautifulgirl
#beautifulwomen
#Ïó¨ÏûêÏπúÍµ¨
#ÎàÑÎÇò
#beauty
#model
#fashion
#lifestyle
#makeup
#style
#glamour
#instabeauty
#selfie
#influencer
#ÁæéÂ∞ëÂ•≥
#Áæé‰∫∫
#ÂèØÊÑõ„ÅÑ
#„Éï„Ç°„ÉÉ„Ç∑„Éß„É≥
#„É°„Ç§„ÇØ„Ç¢„ÉÉ„Éó
#„Çπ„Çø„Ç§„É´
#„Ç∞„É©„Éû„Éº
#„É¢„Éá„É´
#„Çª„É´„Éï„Ç£„Éº
#„Ç§„É≥„Éï„É´„Ç®„É≥„Çµ„Éº
#c√¥g√°ixinhƒë·∫πp
#s·∫Øcƒë·∫πp
#th·ªùitrang
#trangƒëi·ªÉm
#phongc√°ch
#quy·∫ønr≈©
#ng∆∞·ªùim·∫´u
#t·ª±s∆∞·ªõng
#·∫£nhn·ªïiti·∫øng
#·∫£nhth·ªùitrang",8/19/2023,11/16/2023,138
https://tiktok.com/@juventus/video/7300237223385992481,juventus,28800000,2200000,173700,413,2971,DV9 wearing @adidas #originals üòÆ‚Äçüí® #juventus #vlahovic #fashion ,"#
#originals
#juventus
#vlahovic
#fashion",11/11/2023,11/16/2023,674
https://tiktok.com/@mrorigiinal/video/7292725049956502790,mrorigiinal,1300000,3000000,283300,3302,17000,God forgive me oo üòÇü§£ü§£üôè #foryou #mr_original2  #itela70  #mya70style  #Outfitsstyle  #morethanawesome #greenscreen ,"#foryou
#mr_original2
#itela70
#mya70style
#outfitsstyle
#morethanawesome
#greenscreen",10/22/2023,11/16/2023,5387
https://tiktok.com/@viral.hairstyles/video/7276660864315378977,viral.hairstyles,2800000,234000,14000,22,4037,"Fashion tips and tricks on clothes, shoes, scarves,... and more that every girl should refer to PART4 #Fashion  #fashiontiktok  #fashionhacks  #Fashiontip  #fashiontips  #fashiontipsforwomen  #tips  #tipsfashion  #clothes  #clotheshacks  #shoes  #scarves  #tipandtrick  #tipandtricks  #trick  #tricks  #trickfashion #tiktoknews #trend #trending #tiktoktrending  By: @bobrownn","#fashion
#fashiontiktok
#fashionhacks
#fashiontip
#fashiontips
#fashiontipsforwomen
#tips
#tipsfashion
#clothes
#clotheshacks
#shoes
#scarves
#tipandtrick
#tipandtricks
#trick
#tricks
#trickfashion
#tiktoknews
#trend
#trending
#tiktoktrending",9/8/2023,11/16/2023,1340
https://tiktok.com/@diamondbarbiex/video/7289363167568809249,diamondbarbiex,125600,336600,40400,189,3656,bury me in this body warmer pls n thx!!!ü•∞üíñ‚ú®‚ùÑÔ∏èüë∏üèºü©∑ #trashymcbling #mcblingfashion #2000sfashion #bringback2000s #trashyy2k #ducknails #trashy2000s #mcblingaesthetic #trashymcbling #mcblingprincess #2000snails #y2kfashion #ducknailsarecute #itgirl #barbieprincess #milliealicia ,"#trashymcbling
#mcblingfashion
#2000sfashion
#bringback2000s
#trashyy2k
#ducknails
#trashy2000s
#mcblingaesthetic
#trashymcbling
#mcblingprincess
#2000snails
#y2kfashion
#ducknailsarecute
#itgirl
#barbieprincess
#milliealicia",10/13/2023,11/16/2023,149
https://tiktok.com/@eugeniaxxcooney/video/7280245188034071854,eugeniaxxcooney,2600000,5900000,67200,6225,4166,Thank you guys so much for 2 million followers on here!!!! I love you all ü•∞üñ§ #eugeniacooney #thankyou #disney #outfits ,"#eugeniacooney
#thankyou
#disney
#outfits",9/18/2023,11/16/2023,2083
https://tiktok.com/@andrea.arzola/video/7301082059051650350,andrea.arzola,2100000,2100000,304800,767,10800,Baby Juliette #momlife #singlemom #twinmom #10months #julietteandgianna #grwm ,"#momlife
#singlemom
#twinmom
#10months
#julietteandgianna
#grwm",11/13/2023,11/16/2023,791
https://tiktok.com/@stylebykha0/video/7297647954561682694,stylebykha0,57600,396800,4209,14,1409,ÿ∑ÿ±ŸäŸÇÿ™ŸäŸÜ ŸÑŸä ÿ±ÿ®ÿ∑ ÿßŸÑŸÇŸÖŸäÿµ ‚ú®#fyp #foryou #style #fashion #viral ,"#fyp
#foryou
#style
#fashion
#viral",11/4/2023,11/16/2023,173
https://tiktok.com/@sole24ore/video/7283833937263119648,sole24ore,102800,157100,2693,4,191,"Quanto costa una sfilata?  Il 25 settembre √® iniziata la settimana della moda di Parigi: Giulia Crivelli racconta i costi effettivi di una sfilata, svelando i numeri e le sfilate pi√π costose degli ultimi tempi.  #fashiontiktok #fashiontok #parisfashionweek #ilsole24ore ","#fashiontiktok
#fashiontok
#parisfashionweek
#ilsole24ore",9/28/2023,11/16/2023,21
https://tiktok.com/@fistcostume/video/7277064736674499882,fistcostume,297300,5500000,263700,919,10200,#foryou #tiktok #wear #mentalhealth #clothes,"#foryou
#tiktok
#wear
#mentalhealth
#clothes",9/9/2023,11/16/2023,1561
https://tiktok.com/@fancykoc/video/7299362173497642258,fancykoc,682400,208400,36200,76,1641,#Ìó¨Ïä§Ïû•Ìå®ÏÖò #Ìó¨Ïä§ÏΩîÎîî #tiktokhealth #ootd #tiktokhealth #Î†àÍπÖÏä§Î£© #Ï∂îÏ≤úÎñ†Îùº #fyp ,"#Ìó¨Ïä§Ïû•Ìå®ÏÖò
#Ìó¨Ïä§ÏΩîÎîî
#tiktokhealth
#ootd
#tiktokhealth
#Î†àÍπÖÏä§Î£©
#Ï∂îÏ≤úÎñ†Îùº
#fyp",11/8/2023,11/16/2023,24
https://tiktok.com/@mati_fa/video/7282790793675377953,mati_fa,8700000,2100000,180600,2992,11900,R√©ponse √† @olade514 ‚ô•Ô∏è‚ô•Ô∏è‚ô•Ô∏è #matifa #mati_fa #trend #outfit #matifamily #babyluke #outfit ,"#
#matifa
#mati_fa
#trend
#outfit
#matifamily
#babyluke
#outfit",9/25/2023,11/16/2023,1017
https://tiktok.com/@clarissamartinez08/video/7290327892771327237,clarissamartinez08,7248,3100000,256600,693,15000,#parati #TikTokFashion ,"#parati
#tiktokfashion",10/15/2023,11/16/2023,3138
https://tiktok.com/@baby.monkey824/video/7286706873489804551,baby.monkey824,430300,18900000,925500,9288,76900,@Animals Baby #TikTokFashion #AntiFakeNews #Master2023byTikTok #monkeyfamily #monkey #monkeybaby ,"#
#tiktokfashion
#antifakenews
#master2023bytiktok
#monkeyfamily
#monkey
#monkeybaby",10/5/2023,11/16/2023,69800
https://tiktok.com/@kat_longoria/video/7276844016753200385,kat_longoria,5600000,43200000,2800000,14200,129500,#grwm ü´∂üèº Do you like makeup?üíï @Maybelline New York Fit me foundation. Instant age rewind concealer. @Fenty Beauty Match stix contour @lor√©al paris usa Magic retouch spray (freckles),"#grwm
#
#
#",9/9/2023,11/16/2023,9064
https://tiktok.com/@vpvtdot21/video/7299100364144528672,vpvtdot21,797600,415600,31600,155,14000,Fashion Hacks You Should Know Part 30 #fashionhack ¬†#fashionhacks ¬†#tiktokviralvideo ¬†#fashioninspo ¬†#fashioninspodaily ¬†#fashiontiktok ¬†#fashiontok ¬†#stylehacks ¬†#styletips ¬†#fashion2023 ¬†#stylehacks ¬†#clothinghacks ¬†#howtostyleclothes #fyp ¬†#fyp„Ç∑„Çöviral ¬†#tiktokfashion ¬†#foryourpages ¬†#fypage ¬†#viral ¬†#trendingvideo,"#fashionhack
#fashionhacks
#tiktokviralvideo
#fashioninspo
#fashioninspodaily
#fashiontiktok
#fashiontok
#stylehacks
#styletips
#fashion2023
#stylehacks
#clothinghacks
#howtostyleclothes
#fyp
#fyp„Ç∑„Çöviral
#tiktokfashion
#foryourpages
#fypage
#viral
#trendingvideo",11/8/2023,11/16/2023,8157
https://tiktok.com/@kat_longoria/video/7299467142922046727,kat_longoria,5600000,711600,18800,227,1601,#grwm with eyeliner stickerüòç‚ù§Ô∏è‚Äçüî• ,#grwm,11/9/2023,11/16/2023,131
https://tiktok.com/@happening22laura/video/7283871768295542049,happening22laura,102500,1600000,21700,1824,1417,#paris #rickowens #pfw #parisfashion #fw23 #pfw24 #TikTokFashion #ss24 ,"#paris
#rickowens
#pfw
#parisfashion
#fw23
#pfw24
#tiktokfashion
#ss24",9/28/2023,11/16/2023,426
https://tiktok.com/@shein_official/video/7290159487590141192,shein_official,8600000,5700000,237800,846,32200,"@FridaFranzen really embraced our """"haul pink everything"""" philosophy üíóüíÑüëõ Which rosy glam goods colored you curious? üëá #saveinstyle #SHEINstyle #SHEINhome #fashion #unboxing #fyp ","#
#saveinstyle
#sheinstyle
#sheinhome
#fashion
#unboxing
#fyp",10/15/2023,11/16/2023,1275
https://tiktok.com/@seanbridon.extra77/video/7301661052708687137,seanbridon.extra77,3736,357600,5391,57,528,l'assiette | By Sean Bridon #seanbridon #trendingtiktok #TikTokFashion #BeYourOwnBoss #FallFashion #fashion ,"#seanbridon
#trendingtiktok
#tiktokfashion
#beyourownboss
#fallfashion
#fashion",11/15/2023,11/16/2023,64
https://tiktok.com/@viralbabyvideos/video/7291299769387961633,viralbabyvideos,4155,499600,18000,266,904,How cute is this?! ü•∫ü•∫ü•∫‚Ä¶Ready for a dose of baby charm? üåü Dive into our bio for happiness! üöº #BabyClothes #BabyCute ,"#babyclothes
#babycute",10/18/2023,11/16/2023,1185
https://tiktok.com/@emmadanielerandisi/video/7300122105033674017,emmadanielerandisi,437300,933700,65100,1398,3626,#tiktok #babytiktok #perte #babytiktoker #tiktokers #neiperte #padrefigli #padrefiglia #babylove #babystar #noncelapossofare #tremendaüíã #monella #makeup #mydolcemoment #outfit #makeuptutorial #babymakeup #makeupartist #chiaraferragni #iferragnez #mediaset #rai #sky #confessioni #gesu ,"#tiktok
#babytiktok
#perte
#babytiktoker
#tiktokers
#neiperte
#padrefigli
#padrefiglia
#babylove
#babystar
#noncelapossofare
#tremendaüíã
#monella
#makeup
#mydolcemoment
#outfit
#makeuptutorial
#babymakeup
#makeupartist
#chiaraferragni
#iferragnez
#mediaset
#rai
#sky
#confessioni
#gesu",11/11/2023,11/16/2023,1635
https://tiktok.com/@seanbridon.extra77/video/7300520419793095969,seanbridon.extra77,3738,566800,4606,22,813,#seanbridon #trendingtiktok #TikTokFashion #BeYourOwnBoss #FallFashion #fashion ,"#seanbridon
#trendingtiktok
#tiktokfashion
#beyourownboss
#fallfashion
#fashion",11/12/2023,11/16/2023,168
https://tiktok.com/@dachi_.ky/video/7299387730352540960,dachi_.ky,1000000,356100,55700,185,2197,Bonjour mes dach‚Äôs üíï #fyp #foryou #onseprepareensemble #grwm #grwmchallenge #grwmoutfit #onsepresente #grwmstorytime ,"#fyp
#foryou
#onseprepareensemble
#grwm
#grwmchallenge
#grwmoutfit
#onsepresente
#grwmstorytime",11/9/2023,11/16/2023,17
https://tiktok.com/@rossella.migliaccio/video/7281316953153670432,rossella.migliaccio,91100,294200,5237,41,532,"Gucci ‚ù§Ô∏èüíö io lo amo, e voi? #gucci #guccigangüá≥üáµ #sabatodesarno #tiktokfashion #milanfashionweek #rossellamigliaccio ","#gucci
#guccigangüá≥üáµ
#sabatodesarno
#tiktokfashion
#milanfashionweek
#rossellamigliaccio",9/21/2023,11/16/2023,94
https://tiktok.com/@samsi.art/video/7271239534841498922,samsi.art,228300,264100,14100,166,904,Collection of beautiful and perfect fashion models üíØ #girls #model #catwalk #foryou #viral #fashion ,"#girls
#model
#catwalk
#foryou
#viral
#fashion",8/25/2023,11/16/2023,1575
https://tiktok.com/@emmadanielerandisi/video/7275046681513577761,emmadanielerandisi,437300,614200,25800,947,965,#tiktok #babytiktok #perte #babytiktoker #tiktoker #tiktokers #neiperte #padrefigli #babylove #babystar #babystar #babystar #noncelapossofare #tremendaüíã #monella #makeup #mydolcemoment #outfit #makeuptutorial #babymakeup #makeupartist #ariel #mediaset #paolobonolis #chiaraferragni ,"#tiktok
#babytiktok
#perte
#babytiktoker
#tiktoker
#tiktokers
#neiperte
#padrefigli
#babylove
#babystar
#babystar
#babystar
#noncelapossofare
#tremendaüíã
#monella
#makeup
#mydolcemoment
#outfit
#makeuptutorial
#babymakeup
#makeupartist
#ariel
#mediaset
#paolobonolis
#chiaraferragni",9/4/2023,11/16/2023,722
https://tiktok.com/@grandma_droniak/video/7284307865488297262,grandma_droniak,12200000,2800000,254000,3771,11900,get dressed with me for my third date  #grwm #3rddate #datenight ,"#grwm
#3rddate
#datenight",9/29/2023,11/16/2023,6348
https://tiktok.com/@grandma_droniak/video/7299508576127601963,grandma_droniak,12200000,7000000,553900,8214,18800,#VaselinePartner my obituary photo is going to slay when its published one day thank you @Vaseline Brand for helping. #vaseline #vaselinelotion #grwm ,"#vaselinepartner
#
#vaseline
#vaselinelotion
#grwm",11/9/2023,11/16/2023,40600
https://tiktok.com/@tlfapparel/video/7269780743818186027,tlfapparel,80300,161200,1689,0,7,Time to stock up on new colors #gymgirlies #matchingoutfits #newobsession #musclemommy #gymhumor ,"#gymgirlies
#matchingoutfits
#newobsession
#musclemommy
#gymhumor",8/21/2023,11/16/2023,8
https://tiktok.com/@krystianatiana/video/7301111039561846062,krystianatiana,5000000,1100000,83700,225,2039,Felt weird getting out of my sweat pants #grwm #ootd #moms #gdwm #momlife ,"#grwm
#ootd
#moms
#gdwm
#momlife",11/13/2023,11/16/2023,74
https://tiktok.com/@safasrour/video/7300638808654089505,safasrour,832900,256100,4297,16,205,Xoxo ü´∂üèª#foryoupage #foryou #ÿµŸÅÿßÿ≥ÿ±Ÿàÿ± #BeautyTok #tiktokfashion ,"#foryoupage
#foryou
#ÿµŸÅÿßÿ≥ÿ±Ÿàÿ±
#beautytok
#tiktokfashion",11/12/2023,11/16/2023,9
https://tiktok.com/@zara_officiel8/video/7294761076367871237,zara_officiel8,34800,1400000,8719,1424,1198,#fashion #fyp #foryou #ŸÖŸÑÿßÿ®ÿ≥_ÿßŸÑŸÖŸàÿ∂ÿ©_ÿßŸÑÿ≥ÿ™ÿßŸäŸÑ_ÿ¨ŸÖŸäŸÑ #ÿßŸÑÿ¥ÿπÿ®_ÿßŸÑÿµŸäŸÜŸä_ŸÖÿßŸÑŸá_ÿ≠ŸÑüòÇüòÇ #ÿ™ÿÆŸÅŸäÿ∂ÿßÿ™ #explorepage #fashiontiktok #solde #trending #explore #frypage #foryoupage ,"#fashion
#fyp
#foryou
#ŸÖŸÑÿßÿ®ÿ≥_ÿßŸÑŸÖŸàÿ∂ÿ©_ÿßŸÑÿ≥ÿ™ÿßŸäŸÑ_ÿ¨ŸÖŸäŸÑ
#ÿßŸÑÿ¥ÿπÿ®_ÿßŸÑÿµŸäŸÜŸä_ŸÖÿßŸÑŸá_ÿ≠ŸÑüòÇüòÇ
#ÿ™ÿÆŸÅŸäÿ∂ÿßÿ™
#explorepage
#fashiontiktok
#solde
#trending
#explore
#frypage
#foryoupage",10/27/2023,11/16/2023,4865
https://tiktok.com/@freshwitblossom/video/7296617201883286826,freshwitblossom,327000,5100000,491100,3841,58800,Rate our shoes 1-10üëáüèΩ#shoetok #heels #sneakers #challenge #fashiontiktok #inmyjs ,"#shoetok
#heels
#sneakers
#challenge
#fashiontiktok
#inmyjs",11/1/2023,11/16/2023,12500
https://tiktok.com/@karishma.mua/video/7296558882548223264,karishma.mua,410300,3900000,568100,3152,32800,I jsit exposed my entire dysfunctional family but GRWM for an engagement i dont want to be at üíÄü•µü§¶üèΩ‚Äç‚ôÄÔ∏èüëÄ  Product details:  @Eloise Beauty Ltd illuminator @Rare Beauty foundation @L'Oreal Paris concealer  @Huda Beauty concealer  Rare beauty blush Huda beauty easy bake powder @Anastasia Beverly Hills @amrezy palette @nyxcosmetics_uk liquid black eyeliner @hudabeauty kohl liner in black Outfit: @The Saree Room  Jewellery: @Ayesha's Jewellery Box‚ú®  - #bollywooddance#desimemes#indianwedding#punjabiwedding#weddinggrwm#chitchatmakeup#chitchatgrwm#grwmforawedding#desioutfitinspo#lehenga ,"#
#
#
#
#
#
#
#
#
#bollywooddance
#desimemes
#indianwedding
#punjabiwedding
#weddinggrwm
#chitchatmakeup
#chitchatgrwm
#grwmforawedding
#desioutfitinspo
#lehenga",11/1/2023,11/16/2023,2447
https://tiktok.com/@kaelimaee/video/7282872473178197279,kaelimaee,14800000,1900000,246200,541,10400,ill always be a funny bunny/ bubble bath girlie ü´ß‚òÅÔ∏èü§ç #nailday #nailinspo #neutralnails #classynails #nailvlog #vlog #grwm #cute #aesthetic #diml #funnybunny ,"#nailday
#nailinspo
#neutralnails
#classynails
#nailvlog
#vlog
#grwm
#cute
#aesthetic
#diml
#funnybunny",9/25/2023,11/16/2023,264
https://tiktok.com/@jacob_rtt/video/7286537017712758049,jacob_rtt,11600000,680500,51100,176,1461,@Charlotte Tilbury saved my glam ‚ú® Anzeige #grwm#makeup#elevatorboys#charlottetilbury ,"#
#grwm
#makeup
#elevatorboys
#charlottetilbury",10/5/2023,11/16/2023,133
https://tiktok.com/@luna_mir.ai/video/7301178352008924424,luna_mir.ai,195600,106300,15700,50,1225,SlowMotion 1 vs 2 #model  #fashion  #Runway  #catwalk  #fashionweek  #bikini  #recommend  #popular  #fyp  #fyp„Ç∑,"#model
#fashion
#runway
#catwalk
#fashionweek
#bikini
#recommend
#popular
#fyp
#fyp„Ç∑",11/14/2023,11/16/2023,54
https://tiktok.com/@mr.cee102/video/7299565928281328939,mr.cee102,24700,1800000,46000,49,7672,"How I do my crocsü§éü§éü§éü§éWelcome to Cyber Nails ‚ù§Ô∏è The best nails salon in South FL.  Our team with so many talented and friendly technicians will make sure clients happy and satisfied in here. Call us today to book appointment 9543673766 or click to the link on bio to booking online.  üè† 18455 Pines Blvd, Pembroke Pines, FL 33029 ‚õîÔ∏èSPECIAL OFFERS  1- Get 10% OFF on Monday for Teachers and Military 2- Get 10% OFF on Tuesday for Students and Seniors(65+) 3- Get 10% OFF for BIRTHDAYS  4- Check-in and get rewards (10 times) get 5% OFF Follow us for more details and pictures üôè Tag  your friends who need it üíñ #nailstutorial#workmemes#naildesign#handpainted#nailart#nailtrend#nailinspo#miaminails#badbunnytour2024#vampiremakeup#seniorsunday#outfitinspo#nailstrend#novembernails#unsignedartist#nailsofig#nails#hallebailey#bluebetle#makeuptutorial#halloweennails#spooky#nailstutorial #fallnailsüçÅüçÇ #xmasnails #christmasnails ","#nailstutorial
#workmemes
#naildesign
#handpainted
#nailart
#nailtrend
#nailinspo
#miaminails
#badbunnytour2024
#vampiremakeup
#seniorsunday
#outfitinspo
#nailstrend
#novembernails
#unsignedartist
#nailsofig
#nails
#hallebailey
#bluebetle
#makeuptutorial
#halloweennails
#spooky
#nailstutorial
#fallnailsüçÅüçÇ
#xmasnails
#christmasnails",11/9/2023,11/16/2023,308
https://tiktok.com/@padmore_96/video/7290298725287677189,padmore_96,179800,1400000,121900,2116,10800,Iceman_Vs_Wan_Nana üî•üî•üî•üî•üî•üî•üî• PART 2  #faceoff #wannana #iceman  #kwadwosheldonstudios  #kwadwosheldon ##inthebooth #intheboothx #rap #freestylerap #ghrap #ghanatiktoküá¨üá≠ #tiktokghanaüá¨üá≠üá¨üá≠üá¨üá≠_uküá¨üáßüá¨üáßüá¨üáß  #dt #trending #trendingvideos #ghanatiktokersüá¨üá≠üá¨üá≠üá¨üá≠üá≥üá¨üá≥üá¨üá≥üá¨#fypdongggggggg #viral_video #fyp #fyp„Ç∑„Çöviral #fyp„Ç∑ #fypage #fypdongggggggg #fy  #fyppppppppppppppppppppppp #foryourpage #foryoupage #trendingvideos #trending #foryoupageofficiall  #viral_video  #ghanafuodotcom #viralvideo #padmore_95 #padmore_96 #padmore_97 #padmore_98 #padmore_99 #clips #trending #viral #love #explorepage #fashion #like #follow #tiktok #explore #likeforlikes #followforfollowback #trend ,"#faceoff
#wannana
#iceman
#kwadwosheldonstudios
#kwadwosheldon
#inthebooth
#intheboothx
#rap
#freestylerap
#ghrap
#ghanatiktoküá¨üá≠
#tiktokghanaüá¨üá≠üá¨üá≠üá¨üá≠_uküá¨üáßüá¨üáßüá¨üáß
#dt
#trending
#trendingvideos
#ghanatiktokersüá¨üá≠üá¨üá≠üá¨üá≠üá≥üá¨üá≥üá¨üá≥üá¨
#fypdongggggggg
#viral_video
#fyp
#fyp„Ç∑„Çöviral
#fyp„Ç∑
#fypage
#fypdongggggggg
#fy
#fyppppppppppppppppppppppp
#foryourpage
#foryoupage
#trendingvideos
#trending
#foryoupageofficiall
#viral_video
#ghanafuodotcom
#viralvideo
#padmore_95
#padmore_96
#padmore_97
#padmore_98
#padmore_99
#clips
#trending
#viral
#love
#explorepage
#fashion
#like
#follow
#tiktok
#explore
#likeforlikes
#followforfollowback
#trend",10/15/2023,11/16/2023,2987
https://tiktok.com/@agendiatangu1/video/7299828971980541226,agendiatangu1,417400,2300000,96800,401,8530,Yes or no. The perfect fall colors ü´íüçÇ. Pairing formal clothes with basic is a must this season. Love this look. #fashiontiktok #fashionhacks ,"#fashiontiktok
#fashionhacks",11/10/2023,11/16/2023,980
https://tiktok.com/@kaelimaee/video/7301781520430288170,kaelimaee,14800000,878100,117400,415,4419,the asmr vlogs are always ü§åüèº HAPPY WEDNESDAYüí´ #asmr #asmrsounds #satisfyingvideo #satisfying #viral #morning #morningroutine #aesthetic #realisticmorningroutine #vlog #grwm ,"#asmr
#asmrsounds
#satisfyingvideo
#satisfying
#viral
#morning
#morningroutine
#aesthetic
#realisticmorningroutine
#vlog
#grwm",11/15/2023,11/16/2023,174
https://tiktok.com/@eleonoracarisiofficial/video/7273830329650023713,eleonoracarisiofficial,15500,143200,2613,12,56,Living my Dolce Vita moment & ready to attende #Ferrari Premiere at #Venicefilmfestival #Venezia80 ‚Ä¢ üíôüïäÔ∏è#CinemaTok #Dietrolequinte #TikTokFashion ,"#ferrari
#venicefilmfestival
#venezia80
#cinematok
#dietrolequinte
#tiktokfashion",9/1/2023,11/16/2023,6
https://tiktok.com/@utopia.us/video/7273268978254990622,utopia.us,529500,199000,23500,195,5362,CRAZY denim WARP pants #fabricmanipulation #denim #denimpants #jeans #sew #sewing #sewingtiktok #fashion #fashiontiktok #handmade #design #designer #create #diy #custom #custommade,"#fabricmanipulation
#denim
#denimpants
#jeans
#sew
#sewing
#sewingtiktok
#fashion
#fashiontiktok
#handmade
#design
#designer
#create
#diy
#custom
#custommade",8/30/2023,11/16/2023,379
https://tiktok.com/@funny.0022/video/7286989015851519265,funny.0022,348500,402100,12300,88,780,Very funny #TikTokFashion #funnyvideos #mukbang #foryou #fyp ,"#tiktokfashion
#funnyvideos
#mukbang
#foryou
#fyp",10/6/2023,11/16/2023,190
https://tiktok.com/@shein_official/video/7283680242487528711,shein_official,8600000,1300000,28500,360,1092,#SHEINanniversary vibes only ‚ú® Step out feeling your fiercest in trendy styles on the LOW üëá #saveinstyle #SHEINstyle #fashion #fyp ,"#sheinanniversary
#saveinstyle
#sheinstyle
#fashion
#fyp",9/27/2023,11/16/2023,275
https://tiktok.com/@madeleine_white/video/7301006338077789482,madeleine_white,4400000,1400000,226400,236,3540,Ive peaked this is the best night ever üëë dress is solace london! #thecrown #thecrowns6 #grwm #ootd #redcarpetoutfit ,"#thecrown
#thecrowns6
#grwm
#ootd
#redcarpetoutfit",11/13/2023,11/16/2023,88
https://tiktok.com/@missoniofficial/video/7282460772863692065,missoniofficial,10200,244600,11000,19,1281,From exploration of elsewhere to interaction of fabrics and volumes. A fascinating Missoni dimension takes shape through the Spring Summer 2024 Collection. #Missoni #MissoniSS24  #TikTokFashion,"#missoni
#missoniss24
#tiktokfashion",9/24/2023,11/16/2023,79
https://tiktok.com/@espn/video/7293886433880788270,espn,44500000,273600,7167,1241,220,"#Bron went all out for Game 1 (via @NBA, h/t @Front Office Sports) #LeBron #Outfit #NBA #Lakers ","#bron
#
#
#lebron
#outfit
#nba
#lakers",10/25/2023,11/16/2023,115
https://tiktok.com/@madeleine_white/video/7293257274783730990,madeleine_white,4400000,12800000,2200000,3429,99100,This is what dreams are made of #butterfytop #ziwuartemis #resintop #grwm #ootd ,"#butterfytop
#ziwuartemis
#resintop
#grwm
#ootd",10/23/2023,11/16/2023,4669
https://tiktok.com/@salah_ahmed9/video/7278664870139120902,salah_ahmed9,6500000,4500000,256400,465,17500,3 posesüì∏with @Mona Abo shama  #menfashion #style #poses ,"#
#menfashion
#style
#poses",9/14/2023,11/16/2023,2124
https://tiktok.com/@ronhiree/video/7299466372831071520,ronhiree,2200000,381400,63500,90,2558,First outfit‚ú® #stylist #outfits #fashiontok #catwalkchallenge #catwalk #modelwalk #backtoblack #outfitinspo #outfitideas #fyp #mostviralvideo #styleinspo ,"#stylist
#outfits
#fashiontok
#catwalkchallenge
#catwalk
#modelwalk
#backtoblack
#outfitinspo
#outfitideas
#fyp
#mostviralvideo
#styleinspo",11/9/2023,11/16/2023,59
https://tiktok.com/@katskurves/video/7298459766236531998,katskurves,359800,2100000,60700,229,6498,Fall outfir ideaüçÅ  #curvystyleinspo #curvystyletips #size16style #fallstyle ,"#curvystyleinspo
#curvystyletips
#size16style
#fallstyle",11/6/2023,11/16/2023,817
https://tiktok.com/@barbieifshewasbrunette/video/7296250906851429675,barbieifshewasbrunette,3119,127600,7295,32,232,Alo Advent Claneder unboxingüßñüèº‚Äç‚ôÄÔ∏èü©∑ #foryou #fashion #foryoupage #viral #alo #aloadventcalendar #skincare ,"#foryou
#fashion
#foryoupage
#viral
#alo
#aloadventcalendar
#skincare",10/31/2023,11/16/2023,72
https://tiktok.com/@madeleine_white/video/7301405214781803819,madeleine_white,4400000,436200,83800,150,1550,I love when two of my favorite things crossover #netflixcup #grwm #ootd #f1 #f1vegas ,"#netflixcup
#grwm
#ootd
#f1
#f1vegas",11/14/2023,11/16/2023,90
https://tiktok.com/@federicapessina/video/7278577875333270816,federicapessina,23500,145200,8447,31,465,La settimana della moda sta per iniziare! Seguimi ü•∞ Ti porter√≤ a scoprirla con me #TikTokFashion #Fashion #MFW #MilanFashionWeek ,"#tiktokfashion
#fashion
#mfw
#milanfashionweek",9/14/2023,11/16/2023,133
https://tiktok.com/@mdmotivator/video/7268769025553861893,mdmotivator,17200000,22700000,2100000,20600,119500,‚ÄúThank you Canada‚Äù ü•π‚ù§Ô∏è (GoFundMe 1N B10) #turkey #canada #family #clothes #food #money #happiness #support ,"#turkey
#canada
#family
#clothes
#food
#money
#happiness
#support",8/18/2023,11/16/2023,12900
https://tiktok.com/@jeremyfragrance/video/7297108669999631649,jeremyfragrance,7100000,10600000,551000,6447,37000,About 3 Million USD Worth Of OUD #jeremyfragrance #oud #agarwood #oudwood #fragcomm #fragrancecommunity #whitelook #whiteoutfit #wood #holz #expensive ,"#jeremyfragrance
#oud
#agarwood
#oudwood
#fragcomm
#fragrancecommunity
#whitelook
#whiteoutfit
#wood
#holz
#expensive",11/2/2023,11/16/2023,6975
https://tiktok.com/@ingaterner/video/7297472634441239854,ingaterner,1500000,7300000,142100,157,93600,One more makeup idea for hooded eyes üíï Follow for more makeup and hairstyle ideas ‚ù§Ô∏èüòç #makeup #hairstyle #hairtips #hairstyletips #makeuptips #makeuptutorial #makeupoftheday #viral ,"#makeup
#hairstyle
#hairtips
#hairstyletips
#makeuptips
#makeuptutorial
#makeupoftheday
#viral",11/3/2023,11/16/2023,7345
https://tiktok.com/@johnyjacobsmadeit/video/7284157875201559851,johnyjacobsmadeit,56800,317200,38500,90,2682,We got to capture the amazing @Kylie Jenner today at #Schiaparelli üôåüèΩ üé•: Us #kylie #kyliejenner #tiktokfashion ,"#
#schiaparelli
#kylie
#kyliejenner
#tiktokfashion",9/29/2023,11/16/2023,447
https://tiktok.com/@ronhiree/video/7293884645299506465,ronhiree,2200000,3200000,529800,1176,41100,Nba wife >>> #nba #nbawife #fashiontok #oldschool #fyp #mostviralvideo #basketball ,"#nba
#nbawife
#fashiontok
#oldschool
#fyp
#mostviralvideo
#basketball",10/25/2023,11/16/2023,1345
https://tiktok.com/@glambyge/video/7282728358570495238,glambyge,1000000,17300000,886900,2449,196500,easy full glam makeup ‚ú® #BeautyPH #glambyge #makeuptutorial #beautytok #TiktokFashion #makeup ,"#beautyph
#glambyge
#makeuptutorial
#beautytok
#tiktokfashion
#makeup",9/25/2023,11/16/2023,26100
https://tiktok.com/@riskyrian1/video/7301704122640698657,riskyrian1,475400,271500,11900,159,533,Beating flower pots and stealing flowersüòÇüòÇü§™#foryou #fyp„Ç∑ #blowthisup #losangeles #TikTok #riskyrian #pranks #greenscreen #baper #smile #cute #movie #baby #foryoupage‚ù§Ô∏è‚ù§Ô∏è #foryoupage #vuinhon #haihuoc #viral#xuhuong #xuhuongtiktok #fyp„Ç∑ #fyp #viralvideo #videovuinh·ªôn #giaitritonghop #giaitri #FFWS2023 #master2022bytiktok #keepsupporting #rian #TikTokFashion #indonesiaüáÆüá© #indonesiatiktoküáÆüá© #ris #hairstyle #baperincewek #youtube #you #traixinhgaidep ,"#foryou
#fyp„Ç∑
#blowthisup
#losangeles
#tiktok
#riskyrian
#pranks
#greenscreen
#baper
#smile
#cute
#movie
#baby
#foryoupage‚ù§Ô∏è‚ù§Ô∏è
#foryoupage
#vuinhon
#haihuoc
#viral
#xuhuong
#xuhuongtiktok
#fyp„Ç∑
#fyp
#viralvideo
#videovuinh·ªôn
#giaitritonghop
#giaitri
#ffws2023
#master2022bytiktok
#keepsupporting
#rian
#tiktokfashion
#indonesiaüáÆüá©
#indonesiatiktoküáÆüá©
#ris
#hairstyle
#baperincewek
#youtube
#you
#traixinhgaidep",11/15/2023,11/16/2023,91
https://tiktok.com/@zawadi.kristina/video/7275390703549549857,zawadi.kristina,922900,6400000,483500,1896,32400,GRWM: Lets go for a walk üå≥üçÇ #grwm #outfitinspiration #foryou #blackgirlgrwm #congolesetiktok #blackgirltiktok ,"#grwm
#outfitinspiration
#foryou
#blackgirlgrwm
#congolesetiktok
#blackgirltiktok",9/5/2023,11/16/2023,3290
https://tiktok.com/@hersteps/video/7286649368940154117,hersteps,3600000,2200000,52600,482,5070,#winter #winterfashion #fashion ,"#winter
#winterfashion
#fashion",10/5/2023,11/16/2023,4696
https://tiktok.com/@wendolynortizz/video/7275865415476104491,wendolynortizz,185700,503200,67700,210,1227,This was super hectic üò© #fyp #grwm #5monthsold ,"#fyp
#grwm
#5monthsold",9/6/2023,11/16/2023,79
https://tiktok.com/@angieberbuer/video/7300558210325302560,angieberbuer,818800,1700000,98600,1618,7375,#wlw #queer #ootd #lebenmitbehinderung #amputee #grwm ,"#wlw
#queer
#ootd
#lebenmitbehinderung
#amputee
#grwm",11/12/2023,11/16/2023,1761
https://tiktok.com/@fan_de_karolg._0/video/7290298456445340933,fan_de_karolg._0,168400,12200000,682900,2248,108200,En verdad si las hay y muchas #TikTokFashion #TikTokFashion #TikTokFashion #parati #karolg #fracesdekarolg @Karol G #parati ,"#tiktokfashion
#tiktokfashion
#tiktokfashion
#parati
#karolg
#fracesdekarolg
#
#parati",10/15/2023,11/16/2023,88200
https://tiktok.com/@cameramoda/video/7281386242707623201,cameramoda,17800,138000,1417,145,89,Behind the scenes of Milan Fashion Week - Day 2 #behindthescenes #dietrolequinte #FashionMonth #TikTokFashion #milanofashionweek #fashionweek #milanfashionweek #italianfashion #fashiontiktok #fyp ,"#behindthescenes
#dietrolequinte
#fashionmonth
#tiktokfashion
#milanofashionweek
#fashionweek
#milanfashionweek
#italianfashion
#fashiontiktok
#fyp",9/21/2023,11/16/2023,19
https://tiktok.com/@designer_bob/video/7296944210559651103,designer_bob,3000000,524500,8511,60,1212,daughter and son a room  #bathroomdesign #bedroomdesign #designer_bob #fyp„Ç∑ #foryoupage #roomdesign ,"#bathroomdesign
#bedroomdesign
#designer_bob
#fyp„Ç∑
#foryoupage
#roomdesign",11/2/2023,11/16/2023,300
https://tiktok.com/@5.minute.crafts/video/7286831141082893610,5.minute.crafts,12000000,3600000,85300,355,5438,Awesome epoxy ring with payment option! üíçü§©ü§©üî• #epoxyring  #fashion  #jewelry  #gift  #stylish ,"#epoxyring
#fashion
#jewelry
#gift
#stylish",10/6/2023,11/16/2023,962
https://tiktok.com/@nl.fragrancestiktok/video/7280198672833449248,nl.fragrancestiktok,58500,1300000,46600,100,12000,Fragrance for THIS Reaction! ü•µüåäüëÄ#designerfragrances #fragrancerecommendationsformen #colognesformen #fragrancewardrobe #bestfragrancesformen #nichefragrances #mostcomplimentedfragrances #beastfragrances #fragrancereactions #mustownfragrancesformen ,"#designerfragrances
#fragrancerecommendationsformen
#colognesformen
#fragrancewardrobe
#bestfragrancesformen
#nichefragrances
#mostcomplimentedfragrances
#beastfragrances
#fragrancereactions
#mustownfragrancesformen",9/18/2023,11/16/2023,429
https://tiktok.com/@savoirflair/video/7285617663181688065,savoirflair,169500,257700,23700,81,1891,Leon Dame walked so Colin Jones could run #sftakesover #tiktokfashion #maisonmargiela #maisonmargielass24 #colinjones #leondame #leondamerunway #margielatabis #johngalliano ,"#sftakesover
#tiktokfashion
#maisonmargiela
#maisonmargielass24
#colinjones
#leondame
#leondamerunway
#margielatabis
#johngalliano",10/2/2023,11/16/2023,92
https://tiktok.com/@pinkydollreal/video/7290947110176935173,pinkydollreal,1600000,1500000,101200,847,8382,"@Sofia‚Äôs Lashes Get lashes on fleek now wherever you are , she come to you üòâ Tell her Pinkydoll send you baddies üî• #pinkydoll #viral #fyp #ptp #pourtoipage #foryoupage #falltime #fashionnova #halloween #lashextensions #lashes ","#
#pinkydoll
#viral
#fyp
#ptp
#pourtoipage
#foryoupage
#falltime
#fashionnova
#halloween
#lashextensions
#lashes",10/17/2023,11/16/2023,369
https://tiktok.com/@lyverssroblox/video/7274592862325591328,lyverssroblox,405500,175300,15100,12300,1624,Dont ruin it!! ü§¨ #roblox #robloxedit #robloxfyp #robloxstory #robloxx #robloxgames #robloxadoptme #robloxtiktok #adoptmeroblox #royalehighroblox #royalehigh #dahoodroblox #robloxdahood #mm2roblox #robloxmm2 #robloxmemes #robloxheadless #robloxdesigner #robloxoutfits #robloxoutfitideas #fyp #lyverssroblox ,"#roblox
#robloxedit
#robloxfyp
#robloxstory
#robloxx
#robloxgames
#robloxadoptme
#robloxtiktok
#adoptmeroblox
#royalehighroblox
#royalehigh
#dahoodroblox
#robloxdahood
#mm2roblox
#robloxmm2
#robloxmemes
#robloxheadless
#robloxdesigner
#robloxoutfits
#robloxoutfitideas
#fyp
#lyverssroblox",9/3/2023,11/16/2023,76
https://tiktok.com/@300700.collection/video/7296514953429765409,300700.collection,39800,8800000,272400,1355,37400,"3 YEARS OF 300700!! 3 years ago i decided to create my Insta page to use as a space to showcase my passion for forward-thinking technical design. I believe that every piece has a story behind it, this is the concept that drives my collecting and research, because the history behind a piece creates value that goes beyond monetary form. #archivefashion #techwear #vintagefashion #prada #balenciaga #rickowens #isseymiyake #oakley #gorpcore #loropiana ","#archivefashion
#techwear
#vintagefashion
#prada
#balenciaga
#rickowens
#isseymiyake
#oakley
#gorpcore
#loropiana",11/1/2023,11/16/2023,2429
https://tiktok.com/@youssef_esawy/video/7290627226452757793,youssef_esawy,3400000,260000,18600,399,768,FR¬£¬£ Pale$tine üáµüá∏ #mensfashion #style #viral #youssefesawy ,"#mensfashion
#style
#viral
#youssefesawy",10/16/2023,11/16/2023,129
https://tiktok.com/@gala.fr/video/7285354183564201249,gala.fr,9400000,1000000,75200,463,2586,#zendaya #louisvuitton #tiktokfashion ,"#zendaya
#louisvuitton
#tiktokfashion",10/2/2023,11/16/2023,243
https://tiktok.com/@rugawd/video/7278834476191436062,rugawd,44200,210200,24700,434,1434,"Replying to @HBMALEXISüêê 1,000 puffers? üëÄ is It worth It? üò≠ #highfashion #streetwear #nyfw #clothingbrand #fyp","#
#highfashion
#streetwear
#nyfw
#clothingbrand
#fyp",9/14/2023,11/16/2023,53
https://tiktok.com/@grafea/video/7301763865342217505,grafea,1100000,350000,48000,163,8566,Packing the Lavender Moon #collection #lavender #moon #backpack #fashion #cute ,"#collection
#lavender
#moon
#backpack
#fashion
#cute",11/15/2023,11/16/2023,759
https://tiktok.com/@julia.wsslr/video/7294717418897739040,julia.wsslr,14500,1800000,82700,65,33600,outfit inspo üñ§  #fallfashion #monochrome #monochromeoutfit #winterfashion #autumn #winteroutfitideas #pinterestoutfit #winteroutfitidea2023 ,"#fallfashion
#monochrome
#monochromeoutfit
#winterfashion
#autumn
#winteroutfitideas
#pinterestoutfit
#winteroutfitidea2023",10/27/2023,11/16/2023,1087
https://tiktok.com/@auroracontiii/video/7301302659930180897,auroracontiii,103900,1800000,220100,341,29200,Here we go again üñ§ @ZARA                  #zara #zarahaul #zaranewin #zaraviraldress #zaraparty #viraldress #fashion #outfitinspo #ootd #nyeoutfit #fyp #perte #parati #viral #auroracontiii ,"#
#zara
#zarahaul
#zaranewin
#zaraviraldress
#zaraparty
#viraldress
#fashion
#outfitinspo
#ootd
#nyeoutfit
#fyp
#perte
#parati
#viral
#auroracontiii",11/14/2023,11/16/2023,2940
https://tiktok.com/@elsaroshe/video/7294920902511201554,elsaroshe,1300000,296000,50900,99,3452,GRWM for candlelight concert: Taylor Swift‚ù§Ô∏è‚Äçüî• #grwmconcertedition  #candlelighttaylorswift #grwmtogoout ,"#grwmconcertedition
#candlelighttaylorswift
#grwmtogoout",10/28/2023,11/16/2023,74
https://tiktok.com/@masakakidsafricana/video/7276806883053243653,masakakidsafricana,6000000,3700000,96700,704,3576,Happy Saturday beautiful people üòò  Have a great weekend Everyone üíñ‚ú® - WATCH MORE OUR NEW VIDEOS ON YOUTUBE LINK INTO OUR BIO! - - #masakakidsafricana #ashleylookatme #weekend #instalike #instadaily #love  #reelsinstagram #reels #instagram #instamood #trending #instagood #lol #dancereels #bestoftheday #friends #discover #best #bollywood #fyp #explorepage #photooftheday #beautiful #happy #cute #picoftheday #Uganda #masakakids #tiktokdance #song #tiktok #nigeriantiktok #fyp„Ç∑ #fyp #dance #happiness #beautifuldestinations  #foryoupage #foryoupage  #duet #viralvideos #trending #comedy #funnyvideos #tiktokchallenge #love #like #follow #memes #explorepage #likeforlikes #trending #music #followforfollowback #explore #funny #meme #cute #art #fashion #likes #tiktokers #lfl #followme #repost ,"#masakakidsafricana
#ashleylookatme
#weekend
#instalike
#instadaily
#love
#reelsinstagram
#reels
#instagram
#instamood
#trending
#instagood
#lol
#dancereels
#bestoftheday
#friends
#discover
#best
#bollywood
#fyp
#explorepage
#photooftheday
#beautiful
#happy
#cute
#picoftheday
#uganda
#masakakids
#tiktokdance
#song
#tiktok
#nigeriantiktok
#fyp„Ç∑
#fyp
#dance
#happiness
#beautifuldestinations
#foryoupage
#foryoupage
#duet
#viralvideos
#trending
#comedy
#funnyvideos
#tiktokchallenge
#love
#like
#follow
#memes
#explorepage
#likeforlikes
#trending
#music
#followforfollowback
#explore
#funny
#meme
#cute
#art
#fashion
#likes
#tiktokers
#lfl
#followme
#repost",9/9/2023,11/16/2023,1046
https://tiktok.com/@jerrysomemola/video/7269848524542496033,jerrysomemola,213800,10000000,287800,7656,18700,Membalas @w Drawing Cartoons Characters! Part39! #frozen #olaf #elsa #disney #anna #kristoff #disneyfrozen #elsafrozen #queenelsa #disneyprincess #frozenfever #sven #letitgo #olaffrozen #arendelle #intotheunknown #disneyland #annafrozen #queenanna #princessanna #frozenelsa #jelsa #olafsfrozenadventure #elsaandanna #showyourself #princess #frozenanna #disneyworld #rapunzel #frozenparty #olaf #cartolafc #comolaflor #olafureliasson #conselheirolafaiete #nolafood #solafide #coolaf #nolafoodie #pensacolaflorida #amolafotografia #nolafashion #poolafterdark #olaffrozen #nolafitness #bolafutsal #canolafields #olafsfrozenadventure #olaf‚õÑ #pensacolafl #oolafamily #nolafit #unasolafuerza #amicalolafalls #canolaflower #cartolafcdicas #lolaflanery #olafurarnalds #countolaf #thepoolafterdark #lolaflores #oolafun #teatrolafenice #frozenolaf #canolafield #cartolafc2019 #isolafelice #oolafitness #unasolafamilia #olafsummervacation,"#
#frozen
#olaf
#elsa
#disney
#anna
#kristoff
#disneyfrozen
#elsafrozen
#queenelsa
#disneyprincess
#frozenfever
#sven
#letitgo
#olaffrozen
#arendelle
#intotheunknown
#disneyland
#annafrozen
#queenanna
#princessanna
#frozenelsa
#jelsa
#olafsfrozenadventure
#elsaandanna
#showyourself
#princess
#frozenanna
#disneyworld
#rapunzel
#frozenparty
#olaf
#cartolafc
#comolaflor
#olafureliasson
#conselheirolafaiete
#nolafood
#solafide
#coolaf
#nolafoodie
#pensacolaflorida
#amolafotografia
#nolafashion
#poolafterdark
#olaffrozen
#nolafitness
#bolafutsal
#canolafields
#olafsfrozenadventure
#olaf‚õÑ
#pensacolafl
#oolafamily
#nolafit
#unasolafuerza
#amicalolafalls
#canolaflower
#cartolafcdicas
#lolaflanery
#olafurarnalds
#countolaf
#thepoolafterdark
#lolaflores
#oolafun
#teatrolafenice
#frozenolaf
#canolafield
#cartolafc2019
#isolafelice
#oolafitness
#unasolafamilia
#olafsummervacation",8/21/2023,11/16/2023,1767
https://tiktok.com/@kaelimaee/video/7286546401360661791,kaelimaee,14800000,3600000,431000,1090,24300,HAPPY THURSDAYüçã‚ú®üçØ enjoy this asmr moment üëèüèº #asmr #asmrroutine #asmrsounds #aesthetic #morning #routine #aestheticroutine #morningroutine #grwm #breakfast #cleangirl #viral #vlog ,"#asmr
#asmrroutine
#asmrsounds
#aesthetic
#morning
#routine
#aestheticroutine
#morningroutine
#grwm
#breakfast
#cleangirl
#viral
#vlog",10/5/2023,11/16/2023,795
https://tiktok.com/@pinkydollreal/video/7299826607324269829,pinkydollreal,1600000,567500,13800,259,1379,GANG GANG #viral #pinkydoll #fyp #pourtoipage #foryoupage #queennpc #npc #Pinkydoll #fashionnova #ptp #ganggang ,"#viral
#pinkydoll
#fyp
#pourtoipage
#foryoupage
#queennpc
#npc
#pinkydoll
#fashionnova
#ptp
#ganggang",11/10/2023,11/16/2023,289
https://tiktok.com/@dieumerci_bigb/video/7290558127580204293,dieumerci_bigb,14200,1500000,18100,109,858,#africanwedding #bellanaijaweddings #nigerianwedding #wedding #asoebi #asoebibella #weddingphotography #africa #bride #africanfashion #africansweetheartweddings #idoghana #Love #weddings #african #weddingdress #weddinginspiration #ghanawedding #traditionalwedding #weddingdigestnaija #fashion #ghana #weddingguest #africanstyle #nigerianweddings #ankara #bridesmaids #photography #weloveghanaweddings #naijaweddings ,"#africanwedding
#bellanaijaweddings
#nigerianwedding
#wedding
#asoebi
#asoebibella
#weddingphotography
#africa
#bride
#africanfashion
#africansweetheartweddings
#idoghana
#love
#weddings
#african
#weddingdress
#weddinginspiration
#ghanawedding
#traditionalwedding
#weddingdigestnaija
#fashion
#ghana
#weddingguest
#africanstyle
#nigerianweddings
#ankara
#bridesmaids
#photography
#weloveghanaweddings
#naijaweddings",10/16/2023,11/16/2023,3713
https://tiktok.com/@federicapessina/video/7280110028156079393,federicapessina,23500,411300,7772,19,397,Ci vediamo in Fashion Week ü•≥ #TikTokFashion #Milano #Fashion #MilanoFashionWeek ,"#tiktokfashion
#milano
#fashion
#milanofashionweek",9/18/2023,11/16/2023,51
https://tiktok.com/@designer_bob/video/7288146469461462318,designer_bob,3000000,3600000,137700,327,36400,modern style bathroom design üòç#roomdesign #foryoupage #fyp„Ç∑ #designer_bob #bedroomdesign #bathroomdesign ,"#roomdesign
#foryoupage
#fyp„Ç∑
#designer_bob
#bedroomdesign
#bathroomdesign",10/9/2023,11/16/2023,4765
https://tiktok.com/@lyverssroblox/video/7293215819310304544,lyverssroblox,405500,257100,6416,16100,901,Hope has left the chat- üò≠ | #roblox #robloxedit #robloxfyp #robloxstory #robloxx #robloxgames #robloxadoptme #robloxtiktok #adoptmeroblox #royalehighroblox #royalehigh #dahoodroblox #robloxdahood #mm2roblox #robloxmm2 #robloxmemes #robloxheadless #robloxdesigner #robloxoutfits #robloxoutfitideas #lyverssroblox #fyp ,"#roblox
#robloxedit
#robloxfyp
#robloxstory
#robloxx
#robloxgames
#robloxadoptme
#robloxtiktok
#adoptmeroblox
#royalehighroblox
#royalehigh
#dahoodroblox
#robloxdahood
#mm2roblox
#robloxmm2
#robloxmemes
#robloxheadless
#robloxdesigner
#robloxoutfits
#robloxoutfitideas
#lyverssroblox
#fyp",10/23/2023,11/16/2023,74
https://tiktok.com/@bershka/video/7283543869197684001,bershka,2000000,168000,3911,12,96,Two cool ways to style a bomber jacket w/@Jmuchelas ‚≠êÔ∏èüéÄü§çüíû #bomberjacket #bershkastyle #outfitinspo #falloutfits ,"#
#bomberjacket
#bershkastyle
#outfitinspo
#falloutfits",9/27/2023,11/16/2023,20
https://tiktok.com/@mtvitalia/video/7299901671943998752,mtvitalia,104700,379100,3480,28,183,"@LeleandLeila, selvaggia e fiera üë†üë†üë† La nuova stagione di #DragRaceItalia √® disponibile in esclusiva su @Paramount+ Italia  #seriedavedere #rpdr #rpdrvideos #rpdrita #dragracecontent #nuoveuscite #TikTokFashion #sypario #paramountplus #mtv #mtvitalia #fashion #runway","#
#dragraceitalia
#
#seriedavedere
#rpdr
#rpdrvideos
#rpdrita
#dragracecontent
#nuoveuscite
#tiktokfashion
#sypario
#paramountplus
#mtv
#mtvitalia
#fashion
#runway",11/10/2023,11/16/2023,27
https://tiktok.com/@pupov99/video/7294290503670041864,pupov99,1800000,261700,60500,216,2786,Funny Smart Dog ü§£ #dogsoftiktok #puppy #fyp #outfit #animals #funnydog #bitchplease #smartdog ,"#dogsoftiktok
#puppy
#fyp
#outfit
#animals
#funnydog
#bitchplease
#smartdog",10/26/2023,11/16/2023,235
https://tiktok.com/@laura.ottevaere/video/7281952932025683232,laura.ottevaere,78500,360700,14000,164,734,Grwm voor GentüôàüõçÔ∏è #grwm #lenzen üëÅÔ∏è: @CooperVision Benelux ,"#grwm
#lenzen
#",9/23/2023,11/16/2023,27
https://tiktok.com/@lachica_dela_mountain749/video/7290265022884760874,lachica_dela_mountain749,63100,3500000,105400,1073,10900,#reflexiones #motibacion #fashion #lachica_dela_mountain749 #foryu #LIFE ,"#reflexiones
#motibacion
#fashion
#lachica_dela_mountain749
#foryu
#life",10/15/2023,11/16/2023,80500
https://tiktok.com/@fashionsnap/video/7285052036696001799,fashionsnap,301500,331900,78300,148,2708,FKA„ÉÑ„Ç§„ÉÉ„Ç∞„Çπ„ÅåÁôªÂ†¥üëèüèª‚ú® „Äå„É¥„Ç°„É¨„É≥„ÉÜ„Ç£„Éé„Äç„Åå„ÄÅ2024Âπ¥Êò•Â§è„Ç≥„É¨„ÇØ„Ç∑„Éß„É≥„Ç∑„Éß„Éº„ÇíÈñãÂÇ¨„Åó„Åæ„Åó„Åü„ÄÇ @Valentino #ValentinoL√âcole #Valentino #„É¥„Ç°„É¨„É≥„ÉÜ„Ç£„Éé #fkatwigs #fashionshow #fashionweek #parisfashionweek #pfw ,"#
#valentinol√©cole
#valentino
#„É¥„Ç°„É¨„É≥„ÉÜ„Ç£„Éé
#fkatwigs
#fashionshow
#fashionweek
#parisfashionweek
#pfw",10/1/2023,11/16/2023,114
https://tiktok.com/@lilithmoonstyle/video/7299823348773670145,lilithmoonstyle,486400,359300,8860,95,314,#doha #qatar #dohaqatar #dohatiktok #qatartiktok #tiktokdoha #tiktokqatar #dohamodel #qatarmodel #dohafashion #qatarfashion #katara #kataradoha #kataraqatar #longskirt #maxiskirt #redskirt ,"#doha
#qatar
#dohaqatar
#dohatiktok
#qatartiktok
#tiktokdoha
#tiktokqatar
#dohamodel
#qatarmodel
#dohafashion
#qatarfashion
#katara
#kataradoha
#kataraqatar
#longskirt
#maxiskirt
#redskirt",11/10/2023,11/16/2023,71
https://tiktok.com/@seabin008/video/7295525761623018759,seabin008,2200000,213800,7799,14,300,#beautiful #gaixinh #ÊµÖÊµÖprincess #gaixinhtiktok #chinesetreetfashion #xuhuong ,"#beautiful
#gaixinh
#ÊµÖÊµÖprincess
#gaixinhtiktok
#chinesetreetfashion
#xuhuong",10/29/2023,11/16/2023,48
https://tiktok.com/@funny.0022/video/7286724551721913632,funny.0022,348500,1000000,14800,10,550,Very funny ü§£ü§£ü§£#TikTokFashion #funnyvideos #mukbang #foryou #fyp ,"#tiktokfashion
#funnyvideos
#mukbang
#foryou
#fyp",10/5/2023,11/16/2023,70
https://tiktok.com/@no_limbs_/video/7301497010417356075,no_limbs_,4300000,8400000,573000,5662,25700,üßå uncanny valley makeup!!! #uncannyvalley #makeup #fyp #viral #grwm ,"#uncannyvalley
#makeup
#fyp
#viral
#grwm",11/14/2023,11/16/2023,4798
https://tiktok.com/@taryntruly.unfiltered/video/7299941917842951470,taryntruly.unfiltered,762100,2100000,59900,773,4947,Replying to @Sugar_and_Sap Midsize holiday party dress outfit inspo  #midsize #holidaydress #holidayparty #midsizefashion #momsoftiktok #midsizeuniversity ,"#
#midsize
#holidaydress
#holidayparty
#midsizefashion
#momsoftiktok
#midsizeuniversity",11/10/2023,11/16/2023,735
https://tiktok.com/@a_nik_star3/video/7278399050586606854,a_nik_star3,3000000,331200,43900,256,2040,City boy üöÄü•áü§© #a_nik_star3 #starsüéñ‚ú® #teamsamüî• #xyzbca #viral #curlyhairkidüßëüèª #fyp #fashion #lifestyle #CapCut ,"#a_nik_star3
#starsüéñ‚ú®
#teamsamüî•
#xyzbca
#viral
#curlyhairkidüßëüèª
#fyp
#fashion
#lifestyle
#capcut",9/13/2023,11/16/2023,108
https://tiktok.com/@youssef_esawy/video/7279836489612037409,youssef_esawy,3400000,3200000,138500,515,21100,Crowded üò± #mensfashion #style #youssefesawy ,"#mensfashion
#style
#youssefesawy",9/17/2023,11/16/2023,954
https://tiktok.com/@lyverssroblox/video/7274224696286006561,lyverssroblox,405500,322200,14800,20500,2436,Hey yall.. üòì #roblox #robloxedit #robloxfyp #robloxstory #robloxx #robloxgames #robloxadoptme #robloxtiktok #adoptmeroblox #royalehighroblox #royalehigh #dahoodroblox #robloxdahood #mm2roblox #robloxmm2 #robloxmemes #robloxheadless #robloxdesigner #robloxoutfits #robloxoutfitideas #lyverssroblox #fyp ,"#roblox
#robloxedit
#robloxfyp
#robloxstory
#robloxx
#robloxgames
#robloxadoptme
#robloxtiktok
#adoptmeroblox
#royalehighroblox
#royalehigh
#dahoodroblox
#robloxdahood
#mm2roblox
#robloxmm2
#robloxmemes
#robloxheadless
#robloxdesigner
#robloxoutfits
#robloxoutfitideas
#lyverssroblox
#fyp",9/2/2023,11/16/2023,46
https://tiktok.com/@patitopaty1/video/7292162356585549087,patitopaty1,265100,1200000,50000,351,7176,#foryou #life #fyp #reflexiones #fashion #pattypatito1 #frases ,"#foryou
#life
#fyp
#reflexiones
#fashion
#pattypatito1
#frases",10/20/2023,11/16/2023,24300
https://tiktok.com/@mctexstyle/video/7287912937220558085,mctexstyle,185500,11300000,80300,3253,8332,"Lagi jalan di mall eh banyak yang ngeliatin jadi malu ü´£ ,cobak nonton sini ada temen kalian gak yang ngelirik lirik kita ü§≠ #jalandimall #outfitideas #dress ","#jalandimall
#outfitideas
#dress",10/9/2023,11/16/2023,590
https://tiktok.com/@fvinabeauty/video/7278219614276865298,fvinabeauty,54700,9200000,425400,3344,28500,#makeup  #FVpowder  #FVOfficerStore #fvpowder #makeup #grwm #makeuphacks,"#makeup
#fvpowder
#fvofficerstore
#fvpowder
#makeup
#grwm
#makeuphacks",9/13/2023,11/16/2023,1850
https://tiktok.com/@shefwdarcee/video/7272948348259142955,shefwdarcee,65400,174100,10000,183,624,another draftüòÇ we so close to 30k guys ü¶á #OOTD #xD #vintage #y2kaesthetic #gothicstyle #2000sfashion #90sclothes #grunge #fitcheck #thrifted #fyp #foryou #dcshoecousa #affliction ,"#ootd
#xd
#vintage
#y2kaesthetic
#gothicstyle
#2000sfashion
#90sclothes
#grunge
#fitcheck
#thrifted
#fyp
#foryou
#dcshoecousa
#affliction",8/29/2023,11/16/2023,336
https://tiktok.com/@aggayucita/video/7297207309321702698,aggayucita,5200000,20200000,476800,2533,31200,Replying to @üíúJen Fiorinoüíú @Halara_official #leggings #halaralegging #gdwm #clothes #tryonhaul ,"#
#
#leggings
#halaralegging
#gdwm
#clothes
#tryonhaul",11/3/2023,11/16/2023,3686
